User_ID,user_name,review_text,longitude,latitude,timestamp,rating,photo_id
1,mhorsfield0,"Ein magischer Ort, der zum Verweilen einlädt. Die alten Kiefern strahlen eine besondere Ruhe aus.",-16.640.652,28.291.565,2023-08-11T15:38:32Z,3,1b9aa91e-ae61-4a1e-8691-077abe2c3c30
2,cenglefield1,Beeindruckend! Die majestätischen Bäume und die frische Luft sind einfach unvergleichlich.,-16.640.652,28.291.565,2023-07-21T18:15:42Z,1,22c9711a-48a6-47d7-bf2e-029d08014667
3,gfenge2,"Ein Naturwunder, das jeder sehen sollte. Die Wanderung hierher lohnt sich allein wegen der Aussicht.",-16.640.652,28.291.565,2023-11-19T19:06:21Z,4,9fcd28a8-31f6-4281-9be0-84a799e462af
4,japark3,Ich bin überwältigt von der Schönheit dieses Ortes. Die Kiefern sind wirklich atemberaubend.,-16.640.652,28.291.565,2023-03-24T02:37:14Z,2,b68f0e44-4d5f-42d4-8757-8692425cd60c
5,lmcinally4,Ein perfekter Ort für Naturliebhaber. Die Stille und die Größe der Pinos Canarios sind beeindruckend.,-16.640.652,28.291.565,2023-11-29T22:15:17Z,1,5006a31d-8321-4d52-b33c-d60cb37245b5
6,wgrigori5,"Die Stille hier ist musikalisch, unterbrochen nur vom Flüstern des Windes.",-16.640.672,28.291.585,2023-04-04T12:22:30Z,3,a2243c8f-b53e-4e20-98c9-3027df6b78e7
7,aivashchenko6,Ein Paradies für Wanderer. Jede Kurve offenbart eine neue Wunderwelt.,-16.640.632,28.291.575,2024-01-04T20:16:59Z,3,a1c49b52-1d93-44a5-b560-ab5b863c82fa
8,jkellaway7,Diese majestätischen Bäume sind Zeugen der Zeit. Einfach atemberaubend.,-16.640.612,28.291.555,2023-04-23T12:09:11Z,2,abcda954-19dc-4d67-a45c-71ea99c87b7a
9,qpendleton8,"Ein Ort, der Geschichten erzählt. Man spürt die Geschichte bei jedem Schritt.",-16.640.692,28.291.595,2024-01-18T23:40:40Z,5,824039b6-67e4-4a49-aae8-4cdcf9f25580
10,hglassopp9,"Die Luft hier oben ist so klar, sie glitzert im Sonnenlicht.",-16.640.632,28.291.545,2024-01-29T12:55:31Z,3,399aa440-965a-4654-8e2d-8e80997ae132
11,narmella,Ein grünes Meer aus Ruhe und Frieden – ein unvergleichliches Erlebnis.,-16.640.682,28.291.565,2023-06-23T04:37:15Z,2,b19b48aa-e801-45cb-b191-fe710b1d557c
12,vdelamaineb,"Hier zu verweilen, bedeutet, mit der Natur im Einklang zu sein.",-16.640.622,28.291.595,2023-07-24T20:02:47Z,2,2ce256b9-9239-4ae0-8289-3d643714c0e3
13,jknappittc,"Die Kiefern bieten nicht nur Schatten, sondern auch Trost und Schutz.",-16.640.642,28.291.535,2023-09-02T15:38:56Z,2,184523df-3aad-4b95-a1fd-ed59110751db
14,latkind,"Ein lebendiges Gemälde, das sich mit den Jahreszeiten wandelt.",-16.640.662,28.291.575,2024-02-15T03:01:42Z,5,b7a8989a-b5eb-4e14-b0d8-46f58bea247e
15,cmosene,Ein Ort voller Energie und Lebenskraft. Die Natur in ihrer vollen Pracht.,-16.640.652,28.291.605,2023-04-11T02:07:01Z,5,6dbd5982-534f-4f5b-a064-0ea2ffb85242
16,mmelleyf,"The serenity here is unmatched, a true escape into nature's embrace.",-16.640.662,28.291.575,2023-05-12T15:06:40Z,1,c6867cb0-80e0-4efc-b610-c8a2d73ac345
17,drickardsg,Walking among these ancient pines feels like stepping through time.,-16.640.672,28.291.585,2023-12-03T03:25:02Z,3,ef2bc19d-d610-424d-8ff6-9c69e72a7d04
18,chemerijkh,"The canopy above whispers stories of old, a place of wonder and awe.",-16.640.642,28.291.555,2023-12-16T16:33:32Z,5,dd33b218-c690-47cb-944b-1f002fa18a30
19,wcopsi,Each breath of fresh pine air rejuvenates the soul. Truly healing.,-16.640.632,28.291.565,2024-01-20T07:41:00Z,5,9c39db58-a64f-4859-a090-15a569e8c408
20,itadlowj,"A haven for birdwatchers, the melody of nature is ever-present.",-16.640.652,28.291.595,2024-01-21T02:00:20Z,4,cf738386-ae56-40a4-b50e-74fac6172554
21,rsansk,"The views from the trail are breathtaking, overlooking vast landscapes.",-16.640.682,28.291.545,2023-10-05T10:14:48Z,5,9fa9e699-c486-419b-b291-531032f4478b
22,vchristiel,"Perfect for a peaceful hike, where every turn offers a new vista.",-16.640.622,28.291.585,2023-11-06T05:53:38Z,5,481fa94d-6e76-4521-9391-51b69fd2191a
23,lcarnewm,Sunlight filtering through the pines creates a mosaic of light and shadow.,-16.640.612,28.291.575,2023-03-28T08:05:52Z,4,e37207ae-43fc-447f-ae7f-18314031f911
24,etooleyn,An enchanting forest that feels like a world away from the hustle.,-16.640.692,28.291.555,2023-05-04T09:53:35Z,3,0467e323-232d-41ad-897b-d680e96042c5
25,dmurdyo,"Nature's masterpiece, showcasing the beauty of the island's rugged terrain.",-16.640.642,28.291.535,2023-11-11T09:43:56Z,4,0d2d3b06-89ac-4613-b762-a1ca23a497a6
26,tarmfirldp,"The pine scent here is intoxicating, mixed with the freshness of the altitude.",-16.640.690,28.291.550,2023-03-04T10:12:25Z,1,781db196-f3a4-4352-8b78-2052cd255af2
27,fahlinq,"Early morning hikes offer the most serene experience, with mist among the pines.",-16.640.660,28.291.560,2023-12-07T04:10:42Z,2,ccf80aeb-0438-4448-a2ed-a46bd8d41604
28,mbernhardir,"The tranquility of this place is palpable, like stepping into a natural sanctuary.",-16.640.680,28.291.540,2023-03-13T15:44:28Z,5,a5d51a4e-7c0b-4b84-826b-268882560744
29,dnelseys,Marvelous spot for contemplation and connecting with the earth’s quiet beauty.,-16.640.650,28.291.570,2023-06-21T16:07:58Z,4,abbabd92-01c3-4ba0-b022-c0e3e4bec817
30,hrobleyt,The rugged path through the pines leads to the most unexpected and stunning views.,-16.640.670,28.291.580,2023-07-21T10:36:34Z,2,162a90e6-baa4-4ebd-b707-c4a27f54d953
31,ddurieu,"Encountered wildlife on the trail, adding a thrilling element to our peaceful walk.",-16.640.640,28.291.550,2023-09-06T07:12:38Z,5,34def8d9-5226-4d88-9c02-d2e305acb9da
32,awoodyattv,The contrast of the green pines against the blue sky is simply breathtaking.,-16.640.630,28.291.540,2023-10-10T10:20:59Z,5,d07e3aed-3c28-49d0-ac06-695ebfa21879
33,obergstramw,"Found a perfect spot for yoga amidst the pines, felt completely rejuvenated.",-16.640.620,28.291.530,2023-05-14T21:17:57Z,3,42f14039-e5d4-44b7-b9d9-790981b9a421
34,parmfirldx,The echo of bird calls through the forest creates a mesmerizing natural symphony.,-16.640.610,28.291.520,2023-04-12T10:46:07Z,4,4c4d98ad-09df-43aa-a2d4-1e4ac2248077
35,cingey,Sunset here paints the sky in colors that photos can hardly do justice.,-16.640.600,28.291.510,2024-01-25T01:36:49Z,1,17d495b6-6ba3-41e4-b608-f3ac885748a5
36,lpersentz,"Einzigartige Stalaktitenformationen, aber der Einstieg ist etwas versteckt.",-16.700.793,28.241.036,2023-10-19T14:44:26Z,5,075deaa2-f450-4264-b611-a8d79a1a1fc8
37,wbeere10,"Beeindruckende Unterwelt, doch der Pfad dorthin könnte besser gepflegt sein.",-16.700.753,28.241.026,2023-05-11T14:59:51Z,1,5e6527cd-c4b3-4bec-b98a-27428f842f27
38,olucus11,"Die Dunkelheit in den Höhlen ist intensiv, unbedingt Taschenlampen mitbringen.",-16.700.783,28.241.006,2023-06-07T06:27:20Z,2,e93f6300-a11d-4bc4-af2b-eb3c979536b1
39,cpedwell12,"Faszinierend, wie die Natur solche Orte schafft. Der Zugang ist allerdings schwierig.",-16.700.763,28.241.046,2023-02-22T08:50:44Z,3,43795e9e-1039-4d61-8a90-1fb2fbf6f05e
40,emarsden13,"Magischer Ort, aber Achtung bei nassem Wetter, der Weg wird rutschig.",-16.700.773,28.241.056,2023-05-09T02:43:52Z,3,f3e15db1-2086-401e-916c-4b19b176c16c
41,mgawen14,Die Höhle bietet eine atemberaubende Akustik für Echo-Rufe. Wegbeschilderung fehlt jedoch.,-16.700.793,28.241.016,2023-11-25T22:49:06Z,3,d6d643a8-6bf9-4a3b-ad87-d3f43169752a
42,amurphey15,"Wunderschöne, aber sehr enge Passagen. Nichts für klaustrophobische Personen.",-16.700.753,28.241.036,2023-10-21T06:37:01Z,4,77c07fa5-c5d0-420a-81c5-be31208595f0
43,pdesmond16,"Ein kleiner, versteckter Eingang führt zu einem beeindruckenden Höhlensystem. Pfad ist schlecht markiert.",-16.700.783,28.241.026,2023-07-08T17:06:49Z,1,cdd4185b-0bbc-4435-8cd5-c488827c4700
44,gdamper17,"Erstaunliche Formationen im Inneren, der Weg ist jedoch mit Vorsicht zu genießen.",-16.700.763,28.241.016,2024-01-29T07:44:09Z,1,2f5fdd96-e952-4f2b-9bad-ba471289c419
45,sallett18,"Die Schönheit der Cuevas Negras ist unbeschreiblich, aber der Pfad bedarf dringend einer Überarbeitung.",-16.700.773,28.241.006,2023-10-15T13:46:56Z,3,8a0b1d2f-bf0e-4aed-ad92-c2e16bda8d4d
46,ftuley19,"The cave's silence is profound, a must-visit for peace seekers.",-16.700.793,28.241.036,2023-12-24T21:57:03Z,2,1482405d-644c-4fc8-8492-2cd7e6e0aefe
47,eneasam1a,Trail to the cave is a bit hidden; look out for the small signs.,-16.700.753,28.241.026,2023-10-02T00:39:21Z,2,0b217d50-ca18-4e7a-ae52-c322482f016e
48,mpurdy1b,Bring a strong flashlight; the deeper sections are pitch black.,-16.700.783,28.241.006,2023-06-01T15:30:15Z,5,0c88a566-ae59-409e-a730-73f86443df30
49,hguerin1c,"Nature’s marvel, though the entrance path could use some maintenance.",-16.700.763,28.241.046,2024-01-05T06:53:45Z,2,b952862d-321f-4d56-ada8-39ebe187d268
50,ablowne1d,Beware of slippery rocks after rain; the beauty is worth the caution.,-16.700.773,28.241.056,2024-02-15T08:51:13Z,4,80bdf1c6-4e8b-4f21-b676-337ea8907caa
51,egabbatt1e,The echo inside the cave makes for a unique calling experience. Lack of signs though.,-16.700.793,28.241.016,2024-02-01T22:20:16Z,2,90ac617c-c97a-4804-a70b-2a13de7eef47
52,ebroodes1f,"Narrow passages might be challenging for some, but they're incredibly rewarding.",-16.700.753,28.241.036,2023-04-27T00:15:26Z,4,c91b62d8-f52a-47df-94d4-78fd26d55aba
53,ncoan1g,Hidden entrance leads to expansive caves. Poor trail marking is a minor issue.,-16.700.783,28.241.026,2023-12-29T10:59:09Z,5,2ffa5014-8c8f-4284-b0f2-0ebae9ac6894
54,kgideon1h,"Inside, the formations are stunning, but the path deserves caution.",-16.700.763,28.241.016,2023-03-19T17:56:05Z,5,15fcd5ba-8bd6-4654-abe2-3c27c6584765
55,ublant1i,"Unearthly beauty in Cuevas Negras, though the path needs urgent upgrades.",-16.700.773,28.241.006,2023-05-31T12:00:32Z,2,4921ddfe-0101-4120-a021-8eba15418951
56,esemper1j,Found a serene spot inside the cave with perfect natural lighting. Magical!,-16.700.750,28.241.000,2023-03-21T14:11:32Z,2,b0fd32b9-d7d6-446b-88ca-51135513931d
57,ppilmer1k,The rock formations here are like nature's art. Absolutely mesmerizing.,-16.700.760,28.241.010,2023-11-13T23:44:34Z,1,37df974b-77f9-414b-a118-148a05e2dd80
58,cnoddles1l,The journey to the cave was as beautiful as the destination itself.,-16.700.770,28.241.020,2023-12-20T15:24:47Z,4,3f7cb752-69ff-49b7-b874-2113675891de
59,ddoldon1m,Discovered a small waterfall within the cave. A hidden oasis.,-16.700.780,28.241.030,2023-03-09T06:20:27Z,3,4b7a0e19-7039-4a10-86f7-760d1b15752a
60,paxon1n,The acoustics inside the cave create a hauntingly beautiful echo. A must-experience.,-16.700.790,28.241.040,2024-02-18T12:28:44Z,3,0f7dcf73-b819-4687-8c5c-6ac289aee17d
61,cbraid1o,Early morning visits are rewarded with the most ethereal light beams through the entrance.,-16.700.800,28.241.050,2023-08-15T13:42:22Z,2,0087cc05-572d-4c7f-afec-11f42c8b7641
62,fcrate1p,The local guide shared fascinating stories of the caves' history and geology.,-16.700.810,28.241.060,2023-04-12T12:02:22Z,1,ffaa0334-53da-4661-806c-dcfac9663628
63,emacmorland1q,Tranquility personified. The silence inside the cave is otherworldly.,-16.700.820,28.241.070,2023-10-29T17:41:38Z,5,702ba985-4282-4cc8-8c49-a16a62ed6ef6
64,sthome1r,Incredible biodiversity at the cave entrance. The flora is as stunning as the cave itself.,-16.700.830,28.241.080,2023-11-27T18:43:26Z,5,979c51aa-5f35-445a-8694-2e36a54575a4
65,hberkley1s,Perfect spot for contemplative solitude. The cave's atmosphere is indescribably peaceful.,-16.700.840,28.241.090,2023-11-24T08:34:02Z,5,1664fb94-0927-430b-acbf-154f22cd27a5
66,hsiggee1t,The light filtering through the cave's mouth paints everything in an unreal glow.,-16.700.850,28.241.100,2023-02-26T07:24:09Z,5,a5d2b542-0b5b-4474-b363-58daa59e77bd
67,abrogini1u,"The path may be rugged, but every step is filled with breathtaking natural beauty.",-16.700.860,28.241.110,2023-08-23T03:40:01Z,5,133fa958-e6ad-4f5c-9fbe-01e9f7d48241
68,dmyring1v,"The still waters inside the cave mirrored the stunning stalactites, doubling the beauty.",-16.700.870,28.241.120,2023-06-18T21:35:27Z,1,8972e285-afa4-4b7d-beb2-238fe249eaf1
69,ubarkhouse1w,"A photographer’s dream. Every angle offers a unique, untouched view of nature.",-16.700.880,28.241.130,2023-09-01T21:33:06Z,2,579449ef-4fe3-42b5-8a3b-857fc977467f
70,msweedland1x,The cool air and the sound of dripping water create a refreshing escape from the heat.,-16.700.890,28.241.140,2023-06-17T06:44:20Z,1,22e7e696-efb6-459d-bca1-a9edd24465d5
71,lpates1y,The hike up offers as many photo opportunities as the cave itself. Don’t rush it.,-16.700.900,28.241.150,2023-10-24T02:05:32Z,1,73dbb74c-613e-4cb2-ab9f-3b2f0e7f76c7
72,obompas1z,"The cave’s entrance, framed by lush greenery, feels like entering another world.",-16.700.910,28.241.160,2023-09-02T08:47:14Z,2,cb2dedbd-0250-448d-93e7-be9bfe0c2e70
73,spenfold20,Each chamber in the cave has its own unique ecosystem. It's like exploring different worlds.,-16.700.920,28.241.170,2023-07-30T22:47:53Z,2,c4288233-200f-43a4-b787-cca6840d6247
74,vclemow21,The play of light and shadow inside the cave is a constant source of surprise and delight.,-16.700.930,28.241.180,2024-01-23T17:23:58Z,1,b30f7010-bd62-49df-a6c2-5096ec7906c8
75,acraigmile22,Venturing into the cave feels like stepping back in time. An unforgettable journey.,-16.700.940,28.241.190,2023-03-29T09:05:50Z,5,ad497b66-b0e8-4f27-8663-a9eaa0e7e9ca
76,itanner23,The panoramic view from here is simply unmatched. A must-see for every hiker.,-16.703.884,28.246.393,2023-04-17T23:10:03Z,1,fd680399-f630-4c1a-9bc4-baa3cf250c78
77,bkebbell24,Sunrise at the vista is a life-changing experience. The colors are incredible.,-16.703.824,28.246.333,2023-10-18T15:56:29Z,4,393cd5b9-b50e-47f8-bea2-b50561bda83f
78,lmcalinden25,The hike up is challenging but every step is worth the breathtaking view at the top.,-16.703.874,28.246.383,2024-01-06T16:09:05Z,3,cb886c70-a2b0-4a2d-b002-98d71a8de734
79,lgreeveson26,Perfect spot for a picnic after a rewarding hike. The scenery is out of this world.,-16.703.854,28.246.363,2023-12-09T23:52:35Z,2,81623cf0-8729-4136-9b12-c3c6c8674547
80,dalldis27,The contrast of the rugged landscape against the sky at sunset is a photographer's dream.,-16.703.834,28.246.343,2023-09-29T06:06:05Z,2,a80dc74f-a753-4089-9d9b-039be009f713
81,henefer28,"The air feels so fresh up here, and the vista over the valley is just breathtaking.",-16.703.864,28.246.373,2023-03-09T11:50:32Z,4,502a15fe-e4d0-43dd-85dc-3cea65755f09
82,emcguggy29,Found a quiet spot to just sit and take in the stunning views. So peaceful.,-16.703.894,28.246.403,2023-11-26T14:39:38Z,3,6b4b6f80-a948-4932-9a1d-36ff06c75412
83,swickersley2a,It's like standing on the edge of the world. The views stretch out endlessly.,-16.703.804,28.246.313,2023-05-03T17:30:14Z,3,895aab20-2f9b-47c6-bb8b-534e726fbc61
84,agrent2b,The way the sun lights up the mountain peaks in the morning is absolutely magical.,-16.703.844,28.246.353,2023-10-28T21:50:35Z,2,171c72f3-c6a6-4137-b471-045722976275
85,jlethem2c,You can see the shadow of the mountain stretch across the valley at sunrise. Unforgettable.,-16.703.914,28.246.423,2024-01-08T09:57:52Z,1,bceb6f3e-58c2-44eb-8d50-1655e2d94376
86,cstonuary2d,An ideal spot for meditation and reflection. The serene view has a calming effect.,-16.703.824,28.246.333,2023-07-28T06:28:16Z,1,65a48341-2b87-4097-a91a-90c2d7c774d7
87,mbonnar2e,Watching the clouds roll through the valley below from this vantage point is mesmerizing.,-16.703.874,28.246.383,2023-10-28T10:13:32Z,4,c7fcb2b8-b485-4a22-92b9-04132041ed25
88,avelde2f,The journey to the top is as beautiful as the vista itself. Truly a hiker's paradise.,-16.703.854,28.246.363,2023-03-24T18:35:28Z,5,1c34fd66-0d14-4307-a1c8-04b8d7c38909
89,glaurance2g,Late afternoon light brings out the most incredible colors in the landscape. Don't miss it.,-16.703.834,28.246.343,2023-03-19T11:10:12Z,2,b98f6482-f789-4e01-9de4-0d2ff512fef1
90,csimonson2h,The view here makes you feel like you're on top of the world. Absolutely majestic.,-16.703.864,28.246.373,2023-07-10T15:42:55Z,1,a9bcda3f-2cb4-4a05-9def-6f86a43e5424
91,tgerram2i,"Early mornings here are serene, with a view that's both invigorating and calming.",-16.703.894,28.246.403,2023-11-30T02:54:48Z,2,4af9c2e6-5649-4dc1-9161-b332f5eb7b69
92,fmaliphant2j,The vastness of the view is humbling. It's a reminder of nature's grandeur.,-16.703.804,28.246.313,2023-10-27T07:57:55Z,2,6689cea7-5e77-4be9-b1f4-cd9ef7ffa959
93,cmckirdy2k,The play of light on the mountains as the sun sets is something I'll never forget.,-16.703.844,28.246.353,2023-11-19T13:07:01Z,1,879ca7f9-3c03-45b2-b45c-139ada6fc4e4
94,pcraddock2l,This vista offers a unique perspective of the island's rugged beauty. Well worth the hike.,-16.703.914,28.246.423,2023-08-10T07:27:32Z,5,1f8d0b13-cdc9-44b6-96e9-aa0b6882dee1
95,gimesson2m,The silence up here is profound. All you hear is the wind and your own breath.,-16.703.824,28.246.333,2023-07-14T08:29:20Z,1,e3412726-a8f8-40d5-b744-ae8986202ff2
96,lhynard2n,Der Rundblick von hier oben ist atemberaubend. Ein absolutes Muss für jeden Wanderer.,-16.703.874,28.246.393,2023-08-06T11:43:16Z,1,3334cf15-9311-49f1-88c8-f5e4fb93db6e
97,mjiroutka2o,"Sonnenaufgang hier zu erleben, verändert alles. Die Farbenpracht ist unglaublich.",-16.703.824,28.246.333,2023-09-03T16:15:05Z,3,03cb7d8d-a79a-4cd8-b44c-530a0437a3d5
98,hhotton2p,"Der Aufstieg ist anspruchsvoll, aber die Aussicht oben belohnt jeden Schritt.",-16.703.854,28.246.363,2023-10-14T15:03:19Z,2,b78c6ebf-3888-4226-b9ae-19b524a42ae1
99,dtuxill2q,Perfekter Ort für ein Picknick nach einer lohnenden Wanderung. Die Szenerie ist fantastisch.,-16.703.834,28.246.343,2023-10-31T02:50:38Z,3,588ba750-123a-4607-9bb5-8d4589aa75e0
100,rourtic2r,Die raue Landschaft gegen den Himmel bei Sonnenuntergang ist ein Traum für Fotografen.,-16.703.864,28.246.373,2023-09-23T23:25:12Z,5,29e11730-cc2e-49bc-aa69-f8fef995c66e
101,ttimny2s,"Die Luft hier oben ist so frisch, und der Blick über das Tal einfach atemberaubend.",-16.703.894,28.246.403,2024-01-20T15:08:20Z,2,f7c911bf-eaaa-4df0-af1b-fe752d0dd324
102,cnore2t,"Habe einen ruhigen Platz gefunden, um die atemberaubende Aussicht in Ruhe zu genießen. So friedlich.",-16.703.804,28.246.313,2023-08-18T18:11:53Z,2,eda5e331-836d-40eb-aa6a-d85662157e5f
103,lpresslie2u,"Es fühlt sich an, als stünde man am Rand der Welt. Die Aussichten sind endlos.",-16.703.844,28.246.353,2024-01-23T08:31:42Z,1,7160b000-9423-4c10-b0d6-07b6575aa94f
104,brennix2v,"Der Weg zum Gipfel ist stellenweise schlecht markiert, was zu Verwirrungen führen kann.",-16.703.874,28.246.383,2023-04-27T22:03:54Z,5,839b313c-1ca6-4df9-aacc-a2bfd145af92
105,sblackaller2w,"Das morgendliche Licht, das die Berggipfel erleuchtet, ist absolut magisch.",-16.703.854,28.246.363,2023-05-23T03:40:16Z,1,ad7bc59b-90d4-438f-88db-a1c962267cd2
106,maronsohn2x,"Der Weg zum Gipfel ist stellenweise schlecht markiert, was zu Verwirrungen führen kann.",-16.703.834,28.246.343,2023-06-15T16:19:50Z,2,94a888df-f96d-4912-bd47-38fda1abc7c8
107,gfencott2y,Ein idealer Ort für Meditation und Reflexion. Die ruhige Aussicht wirkt beruhigend.,-16.703.864,28.246.373,2023-05-28T00:48:26Z,5,3dd67873-f3fc-42e7-8dca-dfedde6071ec
108,tsalack2z,"Den Wolken zuzusehen, wie sie durch das Tal unter einem ziehen, ist hypnotisierend.",-16.703.894,28.246.403,2023-05-31T15:17:01Z,5,779a95d6-337d-4f20-b022-b5cb543ac141
109,oruggen30,"Der Weg zum Gipfel ist stellenweise schlecht markiert, was zu Verwirrungen führen kann.",-16.703.804,28.246.313,2023-06-22T23:52:46Z,3,cff4f63a-3bb1-4854-b369-92b94a54639e
110,dharmstone31,Das Licht am späten Nachmittag bringt die unglaublichsten Farben in der Landschaft zum Vorschein.,-16.703.844,28.246.353,2023-11-11T11:40:23Z,3,440957dc-1840-4939-b389-c508a5311c28
111,bbehning32,Der Blick hier macht einen sprachlos. Absolut majestätisch.,-16.703.874,28.246.393,2023-03-05T20:24:37Z,4,96ffb4f4-e4c1-4105-917e-29dbdd7dfe95
112,tohallagan33,"Frühe Morgenstunden hier sind ruhig, mit einer Aussicht, die sowohl belebend als auch beruhigend ist.",-16.703.824,28.246.333,2023-11-30T05:04:40Z,4,3d8da938-1a34-4891-ab69-b7c3c0c7ac03
113,zspikeings34,"Der Weg zum Gipfel ist stellenweise schlecht markiert, was zu Verwirrungen führen kann.",-16.703.854,28.246.363,2024-01-20T14:40:34Z,5,d0abdf5f-dbf2-43ae-9da6-5c59d2dc3b8e
114,gwrassell35,Die Weite der Aussicht ist demütigend. Eine Erinnerung an die Großartigkeit der Natur.,-16.703.834,28.246.343,2023-09-17T06:04:44Z,2,d03c3f69-a2a9-4c05-83a2-49c1383ad382
115,mstorrie36,"Der Weg zum Gipfel ist stellenweise schlecht markiert, was zu Verwirrungen führen kann.",-16.703.864,28.246.343,2024-01-03T12:49:44Z,1,ee929378-5f6c-4bf5-9f59-e2dc7c51d30f